"Dataset","CV","BCV","UCV"
"Math",4.82778690834439,4.26578591322514,4.33540165119884
"Reading",4.19670905321701,4.17017921340106,3.74383305311564
"Writing",4.52022444053972,4.16797639002539,4.26970471460987
